Tarih;Açıklama;İşlem Tutarı;Bakiye
02.09.2026;GELEN HAVALE YILDIZ GIDA A.S. FT 2026/118;45.000,00;712.000,00
03.09.2026;EFT DEMIR KUMAS LTD STI ODEME;-38.500,00;673.500,00
05.09.2026;KIRA ODEMESI EYLUL ATASEHIR DEPO;-42.000,00;631.500,00
08.09.2026;POS SATIS HASILATI 07.09;18.240,50;649.740,50
10.09.2026;SGK PRIM TAHSILATI 202608;-26.880,00;622.860,50
12.09.2026;OPET AKARYAKIT 34 ABC 123;-3.450,00;619.410,50
15.09.2026;MAAS ODEMESI EYLUL;-96.000,00;523.410,50
16.09.2026;GELEN EFT MAVI TEKSTIL SAN TIC;120.000,00;643.410,50
18.09.2026;TURK TELEKOM FATURA;-1.290,00;642.120,50
22.09.2026;ENERJISA ELEKTRIK FATURASI;-4.870,00;637.250,50
25.09.2026;GELEN HAVALE YILDIZ GIDA A.S.;60.000,00;697.250,50
26.09.2026;KDV TAHAKKUK ODEMESI AGUSTOS;-31.400,00;665.850,50
29.09.2026;HESAP ISLETIM UCRETI;-85,00;665.765,50
