ATLAS TEKSTİL SAN. VE TİC. LTD. ŞTİ.;;;;;;;
Cari Hesap Listesi - 30.09.2026;;;;;;;
;;;;;;;
Cari Kodu;Cari Ünvanı;Vergi No;Vergi Dairesi;Telefon;E-Posta;Bakiye;Tipi
120.01.001;Yıldız Gıda A.Ş.;;Kadıköy;0532 111 22 33;muhasebe@yildizgida.com;245.800,00 B;Alıcı
120.01.002;Kuzey Mobilya San. Tic. Ltd. Şti.;;Beykoz;0216 444 55 66;;512.300,50 B;Alıcı
120.01.003;Akdeniz Meyve İhracat A.Ş.;;Antalya Kurumlar;;info@akdenizmeyve;86.000,00 B;Alıcı
120.01.004;Toros Deterjan San. A.Ş.;12345;;;;;Alıcı
120.01.005;Mavi Tekstil Ltd.;;;;;0;Alıcı
320.01.001;Demir Kumaş Ltd. Şti.;;;0212 555 66 77;;138.400,00 A;Satıcı
320.01.002;Ege Kağıt Sanayi A.Ş.;;;;;42.750,00 A;Satıcı
320.01.003;Özkan Makine Servis;;;;;18.900,00 A;Satıcı
320.01.004;Kuzey Mobilya San. Tic. Ltd. Şti.;;;;;;Satıcı
